{
 "per_graph": {
  "PTSD (trauma-only)": {
   "valence_note": "",
   "resp_act": [
    0.198425,
    0.213995,
    0.181155,
    0.1288
   ],
   "meaning_act": [
    0.134655,
    0.145755,
    0.133025,
    0.09612
   ],
   "neg_ep_act": [
    0.100455,
    0.101365,
    0.0843,
    0.06077
   ],
   "trigger": [
    0.85,
    0.8,
    0.75,
    0.3
   ],
   "conc": [
    0.043940421403440705,
    0.044891954725369686,
    0.037033875979364285,
    0.031559815514044444
   ],
   "resp_act_L1_L4": 1.5405667701863353,
   "meaning_act_L1_L4": 1.4009051186017478,
   "neg_ep_act_L1_L4": 1.6530360375185125,
   "trigger_pct": [
    85.0,
    80.0,
    75.0,
    30.0
   ]
  },
  "PTSD (balanced)": {
   "valence_note": "",
   "resp_act": [
    0.184165,
    0.16866,
    0.15022,
    0.12635
   ],
   "meaning_act": [
    0.099395,
    0.09931,
    0.07982500000000001,
    0.071055
   ],
   "neg_ep_act": [
    0.056244999999999996,
    0.0651,
    0.034025,
    0.02299
   ],
   "trigger": [
    0.4,
    0.6,
    0.3,
    0.25
   ],
   "conc": [
    0.023406103770178353,
    0.027647854501776127,
    0.01435562866229134,
    0.010168033720151678
   ],
   "resp_act_L1_L4": 1.457578155916106,
   "meaning_act_L1_L4": 1.3988459643937796,
   "neg_ep_act_L1_L4": 2.446498477598956,
   "trigger_pct": [
    40.0,
    60.0,
    30.0,
    25.0
   ]
  },
  "Healthy control": {
   "valence_note": "",
   "resp_act": [
    0.111575,
    0.11879,
    0.128365,
    0.128785
   ],
   "meaning_act": [
    0.06497,
    0.07558,
    0.087035,
    0.073365
   ],
   "neg_ep_act": [
    0.018195,
    0.018265,
    0.011075,
    0.011935
   ],
   "trigger": [
    0.25,
    0.3,
    0.3,
    0.05
   ],
   "conc": [
    0.007942896960269478,
    0.007224968977512406,
    0.004282293647489979,
    0.004952477615541042
   ],
   "resp_act_L1_L4": 0.866366424661257,
   "meaning_act_L1_L4": 0.8855721393034826,
   "neg_ep_act_L1_L4": 1.524507750314202,
   "trigger_pct": [
    25.0,
    30.0,
    30.0,
    5.0
   ]
  }
 },
 "readouts": {},
 "no_spread_L1": {
  "resp_act": 0.0,
  "neg_ep_act": 0.0
 },
 "no_similar_L1": {
  "resp_act": 0.2312,
  "neg_ep_act": 0.127605
 },
 "ablation_L1": {
  "conditions": [
   "faithful",
   "no_bind"
  ],
  "resp_act": [
   0.198425,
   0.18729
  ],
  "neg_ep_act": [
   0.100455,
   0.0444
  ]
 }
}